{
    "x": -48.32063925969835,
    "y": 38.699220413966714,
    "z": 574.1257139691972,
    "rx": 0.715656794780603,
    "ry": -0.354805639857476,
    "rz": -113.55379606632269
}