{
    "x": -35.09965292442838,
    "y": 77.21798643843614,
    "z": 460.538107937895,
    "rx": -0.48019403559776475,
    "ry": 0.6383324931065336,
    "rz": 93.12240286852138
}