{
    "x": -35.09965292442838,
    "y": 77.21798643843614,
    "z": 460.538107937895,
    "rx": 0.5387083667429093,
    "ry": -0.5897869861989613,
    "rz": -92.33334444085375
}