{
    "center": [
        312,
        426
    ],
    "depth": 482.5813903808594,
    "angle": 1.058813452720642,
    "width": 54.125770568847656
}