{
    "center": [
        232,
        314
    ],
    "depth": 569.2544555664062,
    "angle": 1.1967579126358032,
    "width": 37.44176483154297
}