{
    "center": [
        278,
        360
    ],
    "depth": 485.53448486328125,
    "angle": 1.1528103351593018,
    "width": 60.06687545776367
}