{
    "center": [
        238,
        344
    ],
    "depth": 572.230712890625,
    "angle": 1.5231868028640747,
    "width": 44.750526428222656
}