{
    "center": [
        232.0,
        234.0
    ],
    "angle": 1.1967579126358032,
    "width": 37.44176483154297
}