{
    "fx": 506.622192,
    "fy": 506.622192,
    "cx": 337.713287,
    "cy": 233.105515
}