{
  "x": -0.0214,
  "y": 0.075687,
  "z": -0.109387,
  "rx": 0.611233,
  "ry": 0.514251,
  "rz": 89.6055
}