{
  "x": -0.0214,
  "y": 0.07568,
  "z": -0.10938,
  "rx": 0.61123,
  "ry": 0.51425,
  "rz": 179.60549
}